Max/min,AUC,ACC,JSD,ODF Peak Error
max,0.838559,0.9522503453327071,0.5152015740182421,64.12545669749943
min,0.238261,-0.004700449190667317,0.0426666994068713,0.0
